dataset,baseline_idi_mean,baseline_idi_median,ga_idi_mean,ga_idi_median,mean_improvement,median_improvement,p_value,significant
adult,0.5094000000000001,0.507,0.6365666666666667,0.6395,24.964009946342095,26.13412228796843,1.862645149230957e-09,True
compas,0.25726666666666664,0.253,0.40253333333333335,0.412,56.46540554547812,62.84584980237153,1.30385160446167e-08,True
communities_crime,0.0,0.0,0.0,0.0,0.0,0.0,,False
dutch,0.01946666666666667,0.019,0.23829999999999998,0.239,1124.143835616438,1157.8947368421052,1.862645149230957e-09,True
credit,0.6725,0.671,0.7726000000000001,0.7785,14.884758364312278,16.02086438152011,1.862645149230957e-09,True
german,0.5664333333333335,0.566,0.7402999999999998,0.7455,30.694992055552234,31.713780918727934,1.862645149230957e-09,True
kdd,0.06903333333333334,0.07,0.5221333333333333,0.51,656.3495895702558,628.5714285714286,1.862645149230957e-09,True
law_school,0.00036666666666666667,0.0,0.04006666666666667,0.0,10827.272727272726,0.0,0.04162865663899399,True
